id,package_id,compartment_id,courier_id,deposit_timestamp,photo_url,created_at
1,2,1,7,2026-03-03 21:18:08.326973,,2026-03-03 21:18:08.32866
2,1,2,7,2026-03-03 21:24:00.511873,,2026-03-03 21:24:00.516459
3,3,3,7,2026-03-03 21:52:10.66462,,2026-03-03 21:52:10.667742
4,5,4,7,2026-03-03 22:08:23.055429,,2026-03-03 22:08:23.055646
5,7,32,7,2026-03-04 17:29:46.199857,,2026-03-04 17:29:46.201975
6,6,32,7,2026-03-04 17:59:02.09079,,2026-03-04 17:59:02.09162
7,8,33,7,2026-03-04 18:01:26.016966,,2026-03-04 18:01:26.017255
8,9,32,7,2026-03-04 20:38:10.276656,,2026-03-04 20:38:10.277719
9,10,7,7,2026-03-04 20:42:00.2283,,2026-03-04 20:42:00.228648
10,12,9,7,2026-03-04 22:33:44.273152,,2026-03-04 22:33:44.273562
11,13,10,7,2026-03-04 22:34:41.490694,,2026-03-04 22:34:41.490853
12,14,11,7,2026-03-04 22:35:38.314802,,2026-03-04 22:35:38.314916
13,15,26,7,2026-03-04 22:36:27.58587,,2026-03-04 22:36:27.585988
14,16,27,7,2026-03-04 22:37:20.736994,,2026-03-04 22:37:20.737131
15,17,28,7,2026-03-04 22:38:14.225565,,2026-03-04 22:38:14.225683
16,18,5,7,2026-03-04 22:39:03.848224,,2026-03-04 22:39:03.848334
